X1,X2,Y,X1_Square,X2_Square,X1*X2
8.660254037844387,-5.0,0,75.00000000000001,25.0,-43.30127018922194
8.71779203523432,-4.898989898989899,0,75.99989796959494,24.00010203040506,-42.708375122107526
8.773789936975795,-4.797979797979798,0,76.97938985817774,23.02061014182226,-42.09646686932831
8.82827704967104,-4.696969696969697,0,77.93847566574841,22.061524334251608,-41.466149778757924
8.88128117966698,-4.595959595959596,0,78.87715539230689,21.122844607693093,-40.81800946210581
8.932828725429212,-4.494949494949495,0,79.79542903785328,20.204570962146718,-40.15261396783838
8.982944762291902,-4.393939393939394,0,80.69329660238752,19.306703397612484,-39.47051486461593
9.031653120326844,-4.292929292929293,0,81.57075808590962,18.4292419140904,-38.77224824382736
9.078976455989935,-4.191919191919192,0,82.42781348841956,17.57218651158045,-38.05833564884669
9.124936318129423,-4.090909090909091,0,83.26446280991735,16.735537190082646,-37.329284937802186
9.16955320887572,-3.9898989898989896,0,84.08070605040302,15.919293949596977,-36.585591085918274
9.21284663987611,-3.888888888888889,0,84.87654320987653,15.123456790123456,-35.827736932851536
9.254835184288153,-3.787878787878788,0,85.65197428833793,14.348025711662077,-35.056193879879366
9.295536524902001,-3.686868686868687,0,86.40699928578718,13.593000714212835,-34.271422541305355
9.33496749872351,-3.5858585858585856,0,87.14161820222425,12.858381797775735,-33.47387335400854
9.373144138316087,-3.484848484848485,0,87.85583103764922,12.144168962350781,-32.66398714867727
9.41008171016926,-3.383838383838384,0,88.54963779206203,11.450362207937967,-31.84219568592629
9.445794750335342,-3.282828282828283,0,89.2230384654627,10.776961534537293,-31.00892216019178
9.480297097551913,-3.1818181818181817,0,89.87603305785123,10.12396694214876,-30.164581674028813
9.513601924046835,-3.080808080808081,0,90.50862156922764,9.49137843077237,-29.309581685194797
9.545721764203684,-2.9797979797979797,0,91.12080399959189,8.87919600040812,-28.444322428687745
9.576668541248777,-2.878787878787879,0,91.71258034894397,8.287419651056016,-27.569197315716178
9.60645359210588,-2.7777777777777777,0,92.28395061728395,7.716049382716049,-26.68459331140522
9.635087690551227,-2.676767676767677,0,92.83491480461178,7.165085195388227,-25.79089129288965
9.662581068789407,-2.5757575757575757,0,93.36547291092745,6.634527089072543,-24.88846638930605
9.68894343755969,-2.474747474747475,0,93.87562493623098,6.124375063769004,-23.97768830507196
9.714184004872585,-2.3737373737373737,0,94.36537088052238,5.634629119477604,-23.058921627727855
9.738311493467522,-2.272727272727273,0,94.83471074380165,5.165289256198348,-22.1325261215171
9.76133415707447,-2.1717171717171717,0,95.28364452606877,4.716355473931231,-21.198857007787993
9.783259795555045,-2.070707070707071,0,95.71217222732375,4.287827772676258,-20.258265233220044
9.804095768991987,-1.9696969696969697,0,96.12029384756657,3.879706152433425,-19.311097726802398
9.823849010789878,-1.868686868686869,0,96.50800938679727,3.491990613202735,-18.35769764642553
9.842526039844437,-1.7676767676767677,0,96.87531884501581,3.1246811549841853,-17.39840461588663
9.860132971832694,-1.6666666666666665,0,97.22222222222224,2.7777777777777772,-16.43355495305449
9.876675529671736,-1.5656565656565657,0,97.54871951841648,2.4512804815835123,-15.463481889890094
9.89215905318948,-1.4646464646464645,0,97.8548107335986,2.1451892664013874,-14.48851578497449
9.906588508046985,-1.3636363636363638,0,98.14049586776859,1.8595041322314052,-13.50898432915498
9.919968493948277,-1.2626262626262625,0,98.40577492092645,1.5942250790735637,-12.525212744884188
9.93230325217027,-1.1616161616161618,0,98.65064789307212,1.349352106927865,-11.537523979793749
9.943596672442306,-1.0606060606060606,0,98.87511478420569,1.1248852157943066,-10.546238895014566
9.953852299201907,-0.9595959595959593,0,99.0791755943271,0.92082440567289,-9.5516764487291
9.96307333725073,-0.858585858585859,0,99.2628303234364,0.7371696765636166,-8.554153875417297
9.971262656832058,-0.7575757575757578,0,99.42607897153351,0.5739210284664833,-7.55398686123641
9.978422798148939,-0.6565656565656566,0,99.5689215386185,0.4310784613814917,-6.551489715956374
9.984555975339683,-0.5555555555555554,0,99.69135802469137,0.30864197530864174,-5.546975541855377
9.989664079925413,-0.45454545454545503,0,99.79338842975206,0.20661157024793433,-4.540756399966102
9.993748683742284,-0.3535353535353538,0,99.87501275380063,0.1249872461993676,-3.533143474050305
9.996811041368995,-0.2525252525252526,0,99.93623099683704,0.0637690031629426,-2.5244472326689387
9.998852092058435,-0.15151515151515138,0,99.97704315886133,0.02295684113865928,-1.5149775897058222
9.999872461180367,-0.050505050505050164,0,99.99744923987349,0.002550760126517668,-0.5050440636959747
9.999872461180367,0.050505050505050164,0,99.99744923987349,0.002550760126517668,0.5050440636959747
9.998852092058435,0.15151515151515138,0,99.97704315886133,0.02295684113865928,1.5149775897058222
9.996811041368995,0.2525252525252526,0,99.93623099683704,0.0637690031629426,2.5244472326689387
9.993748683742284,0.3535353535353538,0,99.87501275380063,0.1249872461993676,3.533143474050305
9.989664079925413,0.45454545454545414,0,99.79338842975206,0.20661157024793353,4.540756399966093
9.984555975339683,0.5555555555555554,0,99.69135802469137,0.30864197530864174,5.546975541855377
9.978422798148939,0.6565656565656566,0,99.5689215386185,0.4310784613814917,6.551489715956374
9.971262656832058,0.7575757575757578,0,99.42607897153351,0.5739210284664833,7.55398686123641
9.96307333725073,0.8585858585858581,0,99.2628303234364,0.7371696765636152,8.554153875417288
9.953852299201907,0.9595959595959593,0,99.0791755943271,0.92082440567289,9.5516764487291
9.943596672442306,1.0606060606060606,0,98.87511478420569,1.1248852157943066,10.546238895014566
9.93230325217027,1.1616161616161618,0,98.65064789307212,1.349352106927865,11.537523979793749
9.919968493948277,1.262626262626262,0,98.40577492092645,1.5942250790735626,12.525212744884183
9.906588508046985,1.3636363636363633,0,98.14049586776859,1.859504132231404,13.508984329154977
9.89215905318948,1.4646464646464645,0,97.8548107335986,2.1451892664013874,14.48851578497449
9.876675529671736,1.5656565656565657,0,97.54871951841648,2.4512804815835123,15.463481889890094
9.860132971832694,1.666666666666667,0,97.22222222222224,2.7777777777777786,16.433554953054493
9.842526039844437,1.7676767676767673,0,96.87531884501581,3.124681154984184,17.398404615886626
9.823849010789878,1.8686868686868685,0,96.50800938679727,3.491990613202734,18.357697646425528
9.804095768991987,1.9696969696969697,0,96.12029384756657,3.879706152433425,19.311097726802398
9.783259795555045,2.070707070707071,0,95.71217222732375,4.287827772676258,20.258265233220044
9.76133415707447,2.1717171717171713,0,95.28364452606877,4.7163554739312294,21.198857007787986
9.738311493467522,2.2727272727272725,0,94.83471074380165,5.165289256198346,22.132526121517095
9.714184004872585,2.3737373737373737,0,94.36537088052238,5.634629119477604,23.058921627727855
9.68894343755969,2.474747474747475,0,93.87562493623098,6.124375063769004,23.97768830507196
9.66258106878941,2.5757575757575752,0,93.36547291092748,6.634527089072541,24.88846638930605
9.635087690551227,2.6767676767676765,0,92.83491480461178,7.165085195388224,25.790891292889647
9.60645359210588,2.7777777777777777,0,92.28395061728395,7.716049382716049,26.68459331140522
9.576668541248777,2.878787878787879,0,91.71258034894397,8.287419651056016,27.569197315716178
9.545721764203684,2.9797979797979792,0,91.12080399959189,8.879196000408118,28.444322428687737
9.513601924046835,3.0808080808080813,0,90.50862156922764,9.491378430772373,29.3095816851948
9.480297097551913,3.1818181818181817,0,89.87603305785123,10.12396694214876,30.164581674028813
9.445794750335342,3.282828282828282,0,89.2230384654627,10.776961534537287,31.00892216019177
9.41008171016926,3.383838383838384,0,88.54963779206203,11.450362207937967,31.84219568592629
9.373144138316087,3.4848484848484844,0,87.85583103764922,12.144168962350777,32.66398714867727
9.33496749872351,3.5858585858585865,0,87.14161820222425,12.858381797775742,33.47387335400855
9.295536524902001,3.686868686868687,0,86.40699928578718,13.593000714212835,34.271422541305355
9.254835184288153,3.787878787878787,0,85.65197428833793,14.34802571166207,35.05619387987936
9.21284663987611,3.8888888888888893,0,84.87654320987653,15.12345679012346,35.82773693285154
9.16955320887572,3.9898989898989896,0,84.08070605040302,15.919293949596977,36.585591085918274
9.124936318129423,4.09090909090909,0,83.26446280991735,16.73553719008264,37.32928493780218
9.078976455989935,4.191919191919192,0,82.42781348841956,17.57218651158045,38.05833564884669
9.031653120326844,4.292929292929292,0,81.57075808590962,18.429241914090394,38.772248243827356
8.982944762291902,4.3939393939393945,0,80.69329660238752,19.306703397612495,39.470514864615936
8.932828725429212,4.494949494949495,0,79.79542903785328,20.204570962146718,40.15261396783838
8.881281179666981,4.595959595959595,0,78.87715539230693,21.122844607693086,40.81800946210581
8.82827704967104,4.696969696969697,0,77.93847566574841,22.061524334251608,41.466149778757924
8.773789936975795,4.797979797979798,0,76.97938985817774,23.02061014182226,42.09646686932831
8.71779203523432,4.8989898989899,0,75.99989796959494,24.000102030405067,42.70837512210753
8.660254037844387,5.0,0,75.00000000000001,25.0,43.30127018922194
-8.660254037844387,5.0,0,75.00000000000001,25.0,-43.30127018922194
-8.71779203523432,4.898989898989899,0,75.99989796959494,24.00010203040506,-42.708375122107526
-8.773789936975795,4.797979797979798,0,76.97938985817774,23.02061014182226,-42.09646686932831
-8.82827704967104,4.696969696969697,0,77.93847566574841,22.061524334251608,-41.466149778757924
-8.88128117966698,4.595959595959596,0,78.87715539230689,21.122844607693093,-40.81800946210581
-8.932828725429212,4.494949494949495,0,79.79542903785328,20.204570962146718,-40.15261396783838
-8.982944762291902,4.393939393939394,0,80.69329660238752,19.306703397612484,-39.47051486461593
-9.031653120326844,4.292929292929293,0,81.57075808590962,18.4292419140904,-38.77224824382736
-9.078976455989935,4.191919191919192,0,82.42781348841956,17.57218651158045,-38.05833564884669
-9.124936318129423,4.090909090909091,0,83.26446280991735,16.735537190082646,-37.329284937802186
-9.16955320887572,3.9898989898989896,0,84.08070605040302,15.919293949596977,-36.585591085918274
-9.21284663987611,3.888888888888889,0,84.87654320987653,15.123456790123456,-35.827736932851536
-9.254835184288153,3.787878787878788,0,85.65197428833793,14.348025711662077,-35.056193879879366
-9.295536524902001,3.686868686868687,0,86.40699928578718,13.593000714212835,-34.271422541305355
-9.33496749872351,3.5858585858585856,0,87.14161820222425,12.858381797775735,-33.47387335400854
-9.373144138316087,3.484848484848485,0,87.85583103764922,12.144168962350781,-32.66398714867727
-9.41008171016926,3.383838383838384,0,88.54963779206203,11.450362207937967,-31.84219568592629
-9.445794750335342,3.282828282828283,0,89.2230384654627,10.776961534537293,-31.00892216019178
-9.480297097551913,3.1818181818181817,0,89.87603305785123,10.12396694214876,-30.164581674028813
-9.513601924046835,3.080808080808081,0,90.50862156922764,9.49137843077237,-29.309581685194797
-9.545721764203684,2.9797979797979797,0,91.12080399959189,8.87919600040812,-28.444322428687745
-9.576668541248777,2.878787878787879,0,91.71258034894397,8.287419651056016,-27.569197315716178
-9.60645359210588,2.7777777777777777,0,92.28395061728395,7.716049382716049,-26.68459331140522
-9.635087690551227,2.676767676767677,0,92.83491480461178,7.165085195388227,-25.79089129288965
-9.662581068789407,2.5757575757575757,0,93.36547291092745,6.634527089072543,-24.88846638930605
-9.68894343755969,2.474747474747475,0,93.87562493623098,6.124375063769004,-23.97768830507196
-9.714184004872585,2.3737373737373737,0,94.36537088052238,5.634629119477604,-23.058921627727855
-9.738311493467522,2.272727272727273,0,94.83471074380165,5.165289256198348,-22.1325261215171
-9.76133415707447,2.1717171717171717,0,95.28364452606877,4.716355473931231,-21.198857007787993
-9.783259795555045,2.070707070707071,0,95.71217222732375,4.287827772676258,-20.258265233220044
-9.804095768991987,1.9696969696969697,0,96.12029384756657,3.879706152433425,-19.311097726802398
-9.823849010789878,1.868686868686869,0,96.50800938679727,3.491990613202735,-18.35769764642553
-9.842526039844437,1.7676767676767677,0,96.87531884501581,3.1246811549841853,-17.39840461588663
-9.860132971832694,1.6666666666666665,0,97.22222222222224,2.7777777777777772,-16.43355495305449
-9.876675529671736,1.5656565656565657,0,97.54871951841648,2.4512804815835123,-15.463481889890094
-9.89215905318948,1.4646464646464645,0,97.8548107335986,2.1451892664013874,-14.48851578497449
-9.906588508046985,1.3636363636363638,0,98.14049586776859,1.8595041322314052,-13.50898432915498
-9.919968493948277,1.2626262626262625,0,98.40577492092645,1.5942250790735637,-12.525212744884188
-9.93230325217027,1.1616161616161618,0,98.65064789307212,1.349352106927865,-11.537523979793749
-9.943596672442306,1.0606060606060606,0,98.87511478420569,1.1248852157943066,-10.546238895014566
-9.953852299201907,0.9595959595959593,0,99.0791755943271,0.92082440567289,-9.5516764487291
-9.96307333725073,0.858585858585859,0,99.2628303234364,0.7371696765636166,-8.554153875417297
-9.971262656832058,0.7575757575757578,0,99.42607897153351,0.5739210284664833,-7.55398686123641
-9.978422798148939,0.6565656565656566,0,99.5689215386185,0.4310784613814917,-6.551489715956374
-9.984555975339683,0.5555555555555554,0,99.69135802469137,0.30864197530864174,-5.546975541855377
-9.989664079925413,0.45454545454545503,0,99.79338842975206,0.20661157024793433,-4.540756399966102
-9.993748683742284,0.3535353535353538,0,99.87501275380063,0.1249872461993676,-3.533143474050305
-9.996811041368995,0.2525252525252526,0,99.93623099683704,0.0637690031629426,-2.5244472326689387
-9.998852092058435,0.15151515151515138,0,99.97704315886133,0.02295684113865928,-1.5149775897058222
-9.999872461180367,0.050505050505050164,0,99.99744923987349,0.002550760126517668,-0.5050440636959747
-9.999872461180367,-0.050505050505050164,0,99.99744923987349,0.002550760126517668,0.5050440636959747
-9.998852092058435,-0.15151515151515138,0,99.97704315886133,0.02295684113865928,1.5149775897058222
-9.996811041368995,-0.2525252525252526,0,99.93623099683704,0.0637690031629426,2.5244472326689387
-9.993748683742284,-0.3535353535353538,0,99.87501275380063,0.1249872461993676,3.533143474050305
-9.989664079925413,-0.45454545454545414,0,99.79338842975206,0.20661157024793353,4.540756399966093
-9.984555975339683,-0.5555555555555554,0,99.69135802469137,0.30864197530864174,5.546975541855377
-9.978422798148939,-0.6565656565656566,0,99.5689215386185,0.4310784613814917,6.551489715956374
-9.971262656832058,-0.7575757575757578,0,99.42607897153351,0.5739210284664833,7.55398686123641
-9.96307333725073,-0.8585858585858581,0,99.2628303234364,0.7371696765636152,8.554153875417288
-9.953852299201907,-0.9595959595959593,0,99.0791755943271,0.92082440567289,9.5516764487291
-9.943596672442306,-1.0606060606060606,0,98.87511478420569,1.1248852157943066,10.546238895014566
-9.93230325217027,-1.1616161616161618,0,98.65064789307212,1.349352106927865,11.537523979793749
-9.919968493948277,-1.262626262626262,0,98.40577492092645,1.5942250790735626,12.525212744884183
-9.906588508046985,-1.3636363636363633,0,98.14049586776859,1.859504132231404,13.508984329154977
-9.89215905318948,-1.4646464646464645,0,97.8548107335986,2.1451892664013874,14.48851578497449
-9.876675529671736,-1.5656565656565657,0,97.54871951841648,2.4512804815835123,15.463481889890094
-9.860132971832694,-1.666666666666667,0,97.22222222222224,2.7777777777777786,16.433554953054493
-9.842526039844437,-1.7676767676767673,0,96.87531884501581,3.124681154984184,17.398404615886626
-9.823849010789878,-1.8686868686868685,0,96.50800938679727,3.491990613202734,18.357697646425528
-9.804095768991987,-1.9696969696969697,0,96.12029384756657,3.879706152433425,19.311097726802398
-9.783259795555045,-2.070707070707071,0,95.71217222732375,4.287827772676258,20.258265233220044
-9.76133415707447,-2.1717171717171713,0,95.28364452606877,4.7163554739312294,21.198857007787986
-9.738311493467522,-2.2727272727272725,0,94.83471074380165,5.165289256198346,22.132526121517095
-9.714184004872585,-2.3737373737373737,0,94.36537088052238,5.634629119477604,23.058921627727855
-9.68894343755969,-2.474747474747475,0,93.87562493623098,6.124375063769004,23.97768830507196
-9.66258106878941,-2.5757575757575752,0,93.36547291092748,6.634527089072541,24.88846638930605
-9.635087690551227,-2.6767676767676765,0,92.83491480461178,7.165085195388224,25.790891292889647
-9.60645359210588,-2.7777777777777777,0,92.28395061728395,7.716049382716049,26.68459331140522
-9.576668541248777,-2.878787878787879,0,91.71258034894397,8.287419651056016,27.569197315716178
-9.545721764203684,-2.9797979797979792,0,91.12080399959189,8.879196000408118,28.444322428687737
-9.513601924046835,-3.0808080808080813,0,90.50862156922764,9.491378430772373,29.3095816851948
-9.480297097551913,-3.1818181818181817,0,89.87603305785123,10.12396694214876,30.164581674028813
-9.445794750335342,-3.282828282828282,0,89.2230384654627,10.776961534537287,31.00892216019177
-9.41008171016926,-3.383838383838384,0,88.54963779206203,11.450362207937967,31.84219568592629
-9.373144138316087,-3.4848484848484844,0,87.85583103764922,12.144168962350777,32.66398714867727
-9.33496749872351,-3.5858585858585865,0,87.14161820222425,12.858381797775742,33.47387335400855
-9.295536524902001,-3.686868686868687,0,86.40699928578718,13.593000714212835,34.271422541305355
-9.254835184288153,-3.787878787878787,0,85.65197428833793,14.34802571166207,35.05619387987936
-9.21284663987611,-3.8888888888888893,0,84.87654320987653,15.12345679012346,35.82773693285154
-9.16955320887572,-3.9898989898989896,0,84.08070605040302,15.919293949596977,36.585591085918274
-9.124936318129423,-4.09090909090909,0,83.26446280991735,16.73553719008264,37.32928493780218
-9.078976455989935,-4.191919191919192,0,82.42781348841956,17.57218651158045,38.05833564884669
-9.031653120326844,-4.292929292929292,0,81.57075808590962,18.429241914090394,38.772248243827356
-8.982944762291902,-4.3939393939393945,0,80.69329660238752,19.306703397612495,39.470514864615936
-8.932828725429212,-4.494949494949495,0,79.79542903785328,20.204570962146718,40.15261396783838
-8.881281179666981,-4.595959595959595,0,78.87715539230693,21.122844607693086,40.81800946210581
-8.82827704967104,-4.696969696969697,0,77.93847566574841,22.061524334251608,41.466149778757924
-8.773789936975795,-4.797979797979798,0,76.97938985817774,23.02061014182226,42.09646686932831
-8.71779203523432,-4.8989898989899,0,75.99989796959494,24.000102030405067,42.70837512210753
-8.660254037844387,-5.0,0,75.00000000000001,25.0,43.30127018922194
0.0,-5.0,1,0.0,25.0,-0.0
0.9999489834961283,-4.898989898989899,1,0.9998979695949402,24.00010203040506,-4.898739969652749
1.4069079067862758,-4.797979797979798,1,1.97938985817774,23.02061014182226,-6.750315714378595
1.714198257421933,-4.696969696969697,1,2.9384756657483915,22.061524334251608,-8.05153726970908
1.9690493625876693,-4.595959595959596,1,3.8771553923069066,21.122844607693093,-9.049671312902925
2.1898468069372528,-4.494949494949495,1,4.795429037853282,20.204570962146718,-9.843250798859367
2.386062992124792,-4.393939393939394,1,5.693296602387515,19.306703397612484,-10.484216177518025
2.5633489980706097,-4.292929292929293,1,6.570758085909598,18.4292419140904,-11.004276001818274
2.7254015279256647,-4.191919191919192,1,7.427813488419548,17.57218651158045,-11.424662970597483
2.8747978728803445,-4.090909090909091,1,8.264462809917353,16.735537190082646,-11.760536752692317
3.013420987914404,-3.9898989898989896,1,9.080706050403023,15.919293949596977,-12.023245355820096
3.1426968052735447,-3.888888888888889,1,9.876543209876544,15.123456790123456,-12.221598687174895
3.263736246748184,-3.787878787878788,1,10.651974288337922,14.348025711662077,-12.362637298288575
3.3774249489495936,-3.686868686868687,1,11.406999285787165,13.593000714212835,-12.45212228653133
3.484482487002089,-3.5858585858585856,1,12.141618202224265,12.858381797775735,-12.494861443290318
3.5855028988482522,-3.484848484848485,1,12.85583103764922,12.144168962350781,-12.494934344471183
3.6809832643007265,-3.383838383838384,1,13.549637792062033,11.450362207937967,-12.45585246000751
3.771344384362519,-3.282828282828283,1,14.22303846546271,10.776961534537293,-12.380676009270896
3.85694607919935,-3.1818181818181817,1,14.876033057851238,10.12396694214876,-12.27210116108884
3.938098725175339,-3.080808080808081,1,15.50862156922763,9.49137843077237,-12.132526375540186
4.015072103909453,-2.9797979797979797,1,16.120803999591878,8.87919600040812,-11.964103743972611
4.0881022918884975,-2.878787878787879,1,16.712580348943987,8.287419651056016,-11.768779325133554
4.15739709641549,-2.7777777777777777,1,17.28395061728395,7.716049382716049,-11.548325267820806
4.2231403960337115,-2.676767676767677,1,17.834914804611774,7.165085195388227,-11.304365706554885
4.2854956435548335,-2.5757575757575757,1,18.365472910927455,6.634527089072543,-11.03839786976245
4.3446087207285995,-2.474747474747475,1,18.875624936231,6.124375063769004,-10.751809460388959
4.400610285008478,-2.3737373737373737,1,19.365370880522395,5.634629119477604,-10.445893100777699
4.453617714151233,-2.272727272727273,1,19.83471074380165,5.165289256198348,-10.121858441252803
4.5037367292137285,-2.1717171717171717,1,20.283644526068773,4.716355473931231,-9.780842391726784
4.5510627580076,-2.070707070707071,1,20.71217222732374,4.287827772676258,-9.42391783223796
4.59568208730397,-1.9696969696969697,1,21.12029384756658,3.879706152433425,-9.052101081053275
4.637672841716766,-1.868686868686869,1,21.508009386797262,3.491990613202735,-8.666358340581837
4.677105819309182,-1.7676767676767677,1,21.87531884501582,3.1246811549841853,-8.267611296758655
4.714045207910317,-1.6666666666666665,1,22.222222222222225,2.7777777777777772,-7.856742013183861
4.748549201431579,-1.5656565656565657,1,22.548719518416483,2.4512804815835123,-7.434597234564594
4.78067053179767,-1.4646464646464645,1,22.854810733598615,2.1451892664013874,-7.00199219303699
4.810456929208347,-1.3636363636363638,1,23.1404958677686,1.8595041322314052,-6.559713994375019
4.837951521142646,-1.2626262626262625,1,23.40577492092644,1.5942250790735637,-6.10852464790738
4.863193178670999,-1.1616161616161618,1,23.650647893072133,1.349352106927865,-5.649163793405706
4.886216817150636,-1.0606060606060606,1,23.875114784205692,1.1248852157943066,-5.18235116970522
4.907053657168129,-0.9595959595959593,1,24.07917559432711,0.92082440567289,-4.708788862939112
4.92573145060065,-0.858585858585859,1,24.262830323436383,0.7371696765636166,-4.229163366677327
4.9422746758485125,-0.7575757575757578,1,24.42607897153352,0.5739210284664833,-3.7441474817034197
4.956704705610221,-0.6565656565656566,1,24.568921538618508,0.4310784613814917,-3.2544020794410544
4.969039949999533,-0.5555555555555554,1,24.69135802469136,0.30864197530864174,-2.7605777499997393
4.979295977319692,-0.45454545454545503,1,24.79338842975207,0.20661157024793433,-2.263316353327135
4.987485614395357,-0.3535353535353538,1,24.875012753800632,0.1249872461993676,-1.763252489937754
4.9936190280033435,-0.2525252525252526,1,24.936230996837057,0.0637690031629426,-1.2610149060614508
4.997703788627468,-0.15151515151515138,1,24.977043158861346,0.02295684113865928,-0.7572278467617368
4.999744917480639,-0.050505050505050164,1,24.99744923987348,0.002550760126517668,-0.2525123695697275
4.999744917480639,0.050505050505050164,1,24.99744923987348,0.002550760126517668,0.2525123695697275
4.997703788627468,0.15151515151515138,1,24.977043158861346,0.02295684113865928,0.7572278467617368
4.9936190280033435,0.2525252525252526,1,24.936230996837057,0.0637690031629426,1.2610149060614508
4.987485614395357,0.3535353535353538,1,24.875012753800632,0.1249872461993676,1.763252489937754
4.979295977319692,0.45454545454545414,1,24.79338842975207,0.20661157024793353,2.2633163533271308
4.969039949999533,0.5555555555555554,1,24.69135802469136,0.30864197530864174,2.7605777499997393
4.956704705610221,0.6565656565656566,1,24.568921538618508,0.4310784613814917,3.2544020794410544
4.9422746758485125,0.7575757575757578,1,24.42607897153352,0.5739210284664833,3.7441474817034197
4.92573145060065,0.8585858585858581,1,24.262830323436383,0.7371696765636152,4.229163366677324
4.907053657168129,0.9595959595959593,1,24.07917559432711,0.92082440567289,4.708788862939112
4.886216817150636,1.0606060606060606,1,23.875114784205692,1.1248852157943066,5.18235116970522
4.863193178670999,1.1616161616161618,1,23.650647893072133,1.349352106927865,5.649163793405706
4.837951521142646,1.262626262626262,1,23.40577492092644,1.5942250790735626,6.1085246479073785
4.810456929208347,1.3636363636363633,1,23.1404958677686,1.859504132231404,6.559713994375017
4.78067053179767,1.4646464646464645,1,22.854810733598615,2.1451892664013874,7.00199219303699
4.748549201431579,1.5656565656565657,1,22.548719518416483,2.4512804815835123,7.434597234564594
4.714045207910317,1.666666666666667,1,22.222222222222225,2.7777777777777786,7.8567420131838634
4.677105819309182,1.7676767676767673,1,21.87531884501582,3.124681154984184,8.267611296758654
4.637672841716766,1.8686868686868685,1,21.508009386797262,3.491990613202734,8.666358340581834
4.59568208730397,1.9696969696969697,1,21.12029384756658,3.879706152433425,9.052101081053275
4.5510627580076,2.070707070707071,1,20.71217222732374,4.287827772676258,9.42391783223796
4.5037367292137285,2.1717171717171713,1,20.283644526068773,4.7163554739312294,9.780842391726782
4.453617714151233,2.2727272727272725,1,19.83471074380165,5.165289256198346,10.121858441252801
4.400610285008478,2.3737373737373737,1,19.365370880522395,5.634629119477604,10.445893100777699
4.3446087207285995,2.474747474747475,1,18.875624936231,6.124375063769004,10.751809460388959
4.2854956435548335,2.5757575757575752,1,18.365472910927455,6.634527089072541,11.038397869762449
4.223140396033712,2.6767676767676765,1,17.83491480461178,7.165085195388224,11.304365706554885
4.15739709641549,2.7777777777777777,1,17.28395061728395,7.716049382716049,11.548325267820806
4.0881022918884975,2.878787878787879,1,16.712580348943987,8.287419651056016,11.768779325133554
4.0150721039094535,2.9797979797979792,1,16.120803999591885,8.879196000408118,11.964103743972611
3.9380987251753385,3.0808080808080813,1,15.508621569227627,9.491378430772373,12.132526375540186
3.85694607919935,3.1818181818181817,1,14.876033057851238,10.12396694214876,12.27210116108884
3.7713443843625196,3.282828282828282,1,14.223038465462713,10.776961534537287,12.380676009270895
3.6809832643007265,3.383838383838384,1,13.549637792062033,11.450362207937967,12.45585246000751
3.5855028988482527,3.4848484848484844,1,12.855831037649223,12.144168962350777,12.494934344471183
3.4844824870020883,3.5858585858585865,1,12.141618202224258,12.858381797775742,12.494861443290318
3.3774249489495936,3.686868686868687,1,11.406999285787165,13.593000714212835,12.45212228653133
3.263736246748185,3.787878787878787,1,10.65197428833793,14.34802571166207,12.362637298288577
3.1426968052735442,3.8888888888888893,1,9.87654320987654,15.12345679012346,12.221598687174895
3.013420987914404,3.9898989898989896,1,9.080706050403023,15.919293949596977,12.023245355820096
2.874797872880346,4.09090909090909,1,8.264462809917362,16.73553719008264,11.760536752692321
2.7254015279256647,4.191919191919192,1,7.427813488419548,17.57218651158045,11.424662970597483
2.563348998070611,4.292929292929292,1,6.570758085909605,18.429241914090394,11.004276001818278
2.38606299212479,4.3939393939393945,1,5.6932966023875045,19.306703397612495,10.484216177518016
2.1898468069372528,4.494949494949495,1,4.795429037853282,20.204570962146718,9.843250798859367
1.9690493625876713,4.595959595959595,1,3.8771553923069146,21.122844607693086,9.049671312902932
1.714198257421933,4.696969696969697,1,2.9384756657483915,22.061524334251608,8.05153726970908
1.4069079067862758,4.797979797979798,1,1.97938985817774,23.02061014182226,6.750315714378595
0.9999489834961247,4.8989898989899,1,0.999897969594933,24.000102030405067,4.898739969652733
0.0,5.0,1,0.0,25.0,0.0
-0.0,5.0,1,0.0,25.0,-0.0
-0.9999489834961283,4.898989898989899,1,0.9998979695949402,24.00010203040506,-4.898739969652749
-1.4069079067862758,4.797979797979798,1,1.97938985817774,23.02061014182226,-6.750315714378595
-1.714198257421933,4.696969696969697,1,2.9384756657483915,22.061524334251608,-8.05153726970908
-1.9690493625876693,4.595959595959596,1,3.8771553923069066,21.122844607693093,-9.049671312902925
-2.1898468069372528,4.494949494949495,1,4.795429037853282,20.204570962146718,-9.843250798859367
-2.386062992124792,4.393939393939394,1,5.693296602387515,19.306703397612484,-10.484216177518025
-2.5633489980706097,4.292929292929293,1,6.570758085909598,18.4292419140904,-11.004276001818274
-2.7254015279256647,4.191919191919192,1,7.427813488419548,17.57218651158045,-11.424662970597483
-2.8747978728803445,4.090909090909091,1,8.264462809917353,16.735537190082646,-11.760536752692317
-3.013420987914404,3.9898989898989896,1,9.080706050403023,15.919293949596977,-12.023245355820096
-3.1426968052735447,3.888888888888889,1,9.876543209876544,15.123456790123456,-12.221598687174895
-3.263736246748184,3.787878787878788,1,10.651974288337922,14.348025711662077,-12.362637298288575
-3.3774249489495936,3.686868686868687,1,11.406999285787165,13.593000714212835,-12.45212228653133
-3.484482487002089,3.5858585858585856,1,12.141618202224265,12.858381797775735,-12.494861443290318
-3.5855028988482522,3.484848484848485,1,12.85583103764922,12.144168962350781,-12.494934344471183
-3.6809832643007265,3.383838383838384,1,13.549637792062033,11.450362207937967,-12.45585246000751
-3.771344384362519,3.282828282828283,1,14.22303846546271,10.776961534537293,-12.380676009270896
-3.85694607919935,3.1818181818181817,1,14.876033057851238,10.12396694214876,-12.27210116108884
-3.938098725175339,3.080808080808081,1,15.50862156922763,9.49137843077237,-12.132526375540186
-4.015072103909453,2.9797979797979797,1,16.120803999591878,8.87919600040812,-11.964103743972611
-4.0881022918884975,2.878787878787879,1,16.712580348943987,8.287419651056016,-11.768779325133554
-4.15739709641549,2.7777777777777777,1,17.28395061728395,7.716049382716049,-11.548325267820806
-4.2231403960337115,2.676767676767677,1,17.834914804611774,7.165085195388227,-11.304365706554885
-4.2854956435548335,2.5757575757575757,1,18.365472910927455,6.634527089072543,-11.03839786976245
-4.3446087207285995,2.474747474747475,1,18.875624936231,6.124375063769004,-10.751809460388959
-4.400610285008478,2.3737373737373737,1,19.365370880522395,5.634629119477604,-10.445893100777699
-4.453617714151233,2.272727272727273,1,19.83471074380165,5.165289256198348,-10.121858441252803
-4.5037367292137285,2.1717171717171717,1,20.283644526068773,4.716355473931231,-9.780842391726784
-4.5510627580076,2.070707070707071,1,20.71217222732374,4.287827772676258,-9.42391783223796
-4.59568208730397,1.9696969696969697,1,21.12029384756658,3.879706152433425,-9.052101081053275
-4.637672841716766,1.868686868686869,1,21.508009386797262,3.491990613202735,-8.666358340581837
-4.677105819309182,1.7676767676767677,1,21.87531884501582,3.1246811549841853,-8.267611296758655
-4.714045207910317,1.6666666666666665,1,22.222222222222225,2.7777777777777772,-7.856742013183861
-4.748549201431579,1.5656565656565657,1,22.548719518416483,2.4512804815835123,-7.434597234564594
-4.78067053179767,1.4646464646464645,1,22.854810733598615,2.1451892664013874,-7.00199219303699
-4.810456929208347,1.3636363636363638,1,23.1404958677686,1.8595041322314052,-6.559713994375019
-4.837951521142646,1.2626262626262625,1,23.40577492092644,1.5942250790735637,-6.10852464790738
-4.863193178670999,1.1616161616161618,1,23.650647893072133,1.349352106927865,-5.649163793405706
-4.886216817150636,1.0606060606060606,1,23.875114784205692,1.1248852157943066,-5.18235116970522
-4.907053657168129,0.9595959595959593,1,24.07917559432711,0.92082440567289,-4.708788862939112
-4.92573145060065,0.858585858585859,1,24.262830323436383,0.7371696765636166,-4.229163366677327
-4.9422746758485125,0.7575757575757578,1,24.42607897153352,0.5739210284664833,-3.7441474817034197
-4.956704705610221,0.6565656565656566,1,24.568921538618508,0.4310784613814917,-3.2544020794410544
-4.969039949999533,0.5555555555555554,1,24.69135802469136,0.30864197530864174,-2.7605777499997393
-4.979295977319692,0.45454545454545503,1,24.79338842975207,0.20661157024793433,-2.263316353327135
-4.987485614395357,0.3535353535353538,1,24.875012753800632,0.1249872461993676,-1.763252489937754
-4.9936190280033435,0.2525252525252526,1,24.936230996837057,0.0637690031629426,-1.2610149060614508
-4.997703788627468,0.15151515151515138,1,24.977043158861346,0.02295684113865928,-0.7572278467617368
-4.999744917480639,0.050505050505050164,1,24.99744923987348,0.002550760126517668,-0.2525123695697275
-4.999744917480639,-0.050505050505050164,1,24.99744923987348,0.002550760126517668,0.2525123695697275
-4.997703788627468,-0.15151515151515138,1,24.977043158861346,0.02295684113865928,0.7572278467617368
-4.9936190280033435,-0.2525252525252526,1,24.936230996837057,0.0637690031629426,1.2610149060614508
-4.987485614395357,-0.3535353535353538,1,24.875012753800632,0.1249872461993676,1.763252489937754
-4.979295977319692,-0.45454545454545414,1,24.79338842975207,0.20661157024793353,2.2633163533271308
-4.969039949999533,-0.5555555555555554,1,24.69135802469136,0.30864197530864174,2.7605777499997393
-4.956704705610221,-0.6565656565656566,1,24.568921538618508,0.4310784613814917,3.2544020794410544
-4.9422746758485125,-0.7575757575757578,1,24.42607897153352,0.5739210284664833,3.7441474817034197
-4.92573145060065,-0.8585858585858581,1,24.262830323436383,0.7371696765636152,4.229163366677324
-4.907053657168129,-0.9595959595959593,1,24.07917559432711,0.92082440567289,4.708788862939112
-4.886216817150636,-1.0606060606060606,1,23.875114784205692,1.1248852157943066,5.18235116970522
-4.863193178670999,-1.1616161616161618,1,23.650647893072133,1.349352106927865,5.649163793405706
-4.837951521142646,-1.262626262626262,1,23.40577492092644,1.5942250790735626,6.1085246479073785
-4.810456929208347,-1.3636363636363633,1,23.1404958677686,1.859504132231404,6.559713994375017
-4.78067053179767,-1.4646464646464645,1,22.854810733598615,2.1451892664013874,7.00199219303699
-4.748549201431579,-1.5656565656565657,1,22.548719518416483,2.4512804815835123,7.434597234564594
-4.714045207910317,-1.666666666666667,1,22.222222222222225,2.7777777777777786,7.8567420131838634
-4.677105819309182,-1.7676767676767673,1,21.87531884501582,3.124681154984184,8.267611296758654
-4.637672841716766,-1.8686868686868685,1,21.508009386797262,3.491990613202734,8.666358340581834
-4.59568208730397,-1.9696969696969697,1,21.12029384756658,3.879706152433425,9.052101081053275
-4.5510627580076,-2.070707070707071,1,20.71217222732374,4.287827772676258,9.42391783223796
-4.5037367292137285,-2.1717171717171713,1,20.283644526068773,4.7163554739312294,9.780842391726782
-4.453617714151233,-2.2727272727272725,1,19.83471074380165,5.165289256198346,10.121858441252801
-4.400610285008478,-2.3737373737373737,1,19.365370880522395,5.634629119477604,10.445893100777699
-4.3446087207285995,-2.474747474747475,1,18.875624936231,6.124375063769004,10.751809460388959
-4.2854956435548335,-2.5757575757575752,1,18.365472910927455,6.634527089072541,11.038397869762449
-4.223140396033712,-2.6767676767676765,1,17.83491480461178,7.165085195388224,11.304365706554885
-4.15739709641549,-2.7777777777777777,1,17.28395061728395,7.716049382716049,11.548325267820806
-4.0881022918884975,-2.878787878787879,1,16.712580348943987,8.287419651056016,11.768779325133554
-4.0150721039094535,-2.9797979797979792,1,16.120803999591885,8.879196000408118,11.964103743972611
-3.9380987251753385,-3.0808080808080813,1,15.508621569227627,9.491378430772373,12.132526375540186
-3.85694607919935,-3.1818181818181817,1,14.876033057851238,10.12396694214876,12.27210116108884
-3.7713443843625196,-3.282828282828282,1,14.223038465462713,10.776961534537287,12.380676009270895
-3.6809832643007265,-3.383838383838384,1,13.549637792062033,11.450362207937967,12.45585246000751
-3.5855028988482527,-3.4848484848484844,1,12.855831037649223,12.144168962350777,12.494934344471183
-3.4844824870020883,-3.5858585858585865,1,12.141618202224258,12.858381797775742,12.494861443290318
-3.3774249489495936,-3.686868686868687,1,11.406999285787165,13.593000714212835,12.45212228653133
-3.263736246748185,-3.787878787878787,1,10.65197428833793,14.34802571166207,12.362637298288577
-3.1426968052735442,-3.8888888888888893,1,9.87654320987654,15.12345679012346,12.221598687174895
-3.013420987914404,-3.9898989898989896,1,9.080706050403023,15.919293949596977,12.023245355820096
-2.874797872880346,-4.09090909090909,1,8.264462809917362,16.73553719008264,11.760536752692321
-2.7254015279256647,-4.191919191919192,1,7.427813488419548,17.57218651158045,11.424662970597483
-2.563348998070611,-4.292929292929292,1,6.570758085909605,18.429241914090394,11.004276001818278
-2.38606299212479,-4.3939393939393945,1,5.6932966023875045,19.306703397612495,10.484216177518016
-2.1898468069372528,-4.494949494949495,1,4.795429037853282,20.204570962146718,9.843250798859367
-1.9690493625876713,-4.595959595959595,1,3.8771553923069146,21.122844607693086,9.049671312902932
-1.714198257421933,-4.696969696969697,1,2.9384756657483915,22.061524334251608,8.05153726970908
-1.4069079067862758,-4.797979797979798,1,1.97938985817774,23.02061014182226,6.750315714378595
-0.9999489834961247,-4.8989898989899,1,0.999897969594933,24.000102030405067,4.898739969652733
-0.0,-5.0,1,0.0,25.0,0.0
